path,category,width,height,has_alpha,alpha_min,alpha_max,opaque_ratio,notes
00-共享资产/01-背景/bg-splash-dorm-night.png,01-背景,1334,750,False,255,255,1.0000,ok
00-共享资产/01-背景/bg-login-dorm-gate.png,01-背景,1334,750,False,255,255,1.0000,ok
00-共享资产/01-背景/bg-lobby-dorm-hall.png,01-背景,1334,750,False,255,255,1.0000,ok
00-共享资产/01-背景/bg-matching-corridor.png,01-背景,1334,750,False,255,255,1.0000,ok
00-共享资产/01-背景/bg-room-waiting-hall.png,01-背景,1334,750,False,255,255,1.0000,ok
00-共享资产/01-背景/bg-role-reveal-dark.png,01-背景,1334,750,False,255,255,1.0000,ok
00-共享资产/01-背景/bg-map-vote-blueprint.png,01-背景,1334,750,False,255,255,1.0000,ok
00-共享资产/01-背景/bg-result-dawn.png,01-背景,1334,750,False,255,255,1.0000,ok
00-共享资产/01-背景/bg-menu-dim.png,01-背景,1334,750,False,255,255,1.0000,ok
00-共享资产/02-Logo/game_logo_title.png,02-Logo,307,218,True,0,255,0.0086,review-requested-content-trim
00-共享资产/02-Logo/app_icon_1024.png,02-Logo,1024,1024,False,255,255,1.0000,ok
00-共享资产/02-Logo/crest_hunter.png,02-Logo,256,256,True,0,255,0.0041,ok
00-共享资产/02-Logo/crest_hider.png,02-Logo,256,256,True,0,255,0.0038,ok
00-共享资产/03-面板/panel_header_bar.png,03-面板,1000,100,True,0,255,0.0137,ok
00-共享资产/03-面板/panel_content_large.png,03-面板,960,600,True,0,255,0.0090,ok
00-共享资产/03-面板/panel_modal.png,03-面板,720,480,True,0,255,0.0091,ok
00-共享资产/03-面板/panel_list_row.png,03-面板,800,120,True,0,255,0.0261,ok
00-共享资产/03-面板/panel_input_field.png,03-面板,640,100,True,0,255,0.0084,ok
00-共享资产/03-面板/panel_bottom_nav.png,03-面板,1100,120,True,0,255,0.0185,ok
00-共享资产/03-面板/panel_top_resource_bar.png,03-面板,400,100,True,0,255,0.0226,ok
00-共享资产/03-面板/panel_toast.png,03-面板,640,120,True,0,255,0.0089,ok
00-共享资产/03-面板/panel_player_card.png,03-面板,240,320,True,0,255,0.0075,ok
00-共享资产/03-面板/panel_score_row.png,03-面板,800,100,True,0,255,0.0208,ok
00-共享资产/03-面板/panel_keypad.png,03-面板,640,480,True,0,255,0.0087,ok
00-共享资产/03-面板/panel_room_code_cell.png,03-面板,100,120,True,0,255,0.0255,ok
00-共享资产/03-面板/panel_notice_board.png,03-面板,720,480,True,0,255,0.9720,ok
00-共享资产/04-按钮/button_primary_yellow.png,04-按钮,480,120,True,0,255,0.0020,ok
00-共享资产/04-按钮/button_secondary_dark.png,04-按钮,480,120,True,0,255,0.0047,ok
00-共享资产/04-按钮/button_danger_red.png,04-按钮,480,120,True,0,255,0.0171,ok
00-共享资产/04-按钮/button_wechat_green.png,04-按钮,480,120,True,0,255,0.0287,ok
00-共享资产/04-按钮/button_phone_blue.png,04-按钮,480,120,True,0,255,0.0095,ok
00-共享资产/04-按钮/button_account_purple.png,04-按钮,480,120,True,0,255,0.0162,ok
00-共享资产/04-按钮/button_guest_ghost.png,04-按钮,480,120,True,0,255,0.0132,ok
00-共享资产/04-按钮/button_small_action.png,04-按钮,240,96,True,0,255,0.0174,ok
00-共享资产/04-按钮/button_ready_green.png,04-按钮,480,120,True,0,255,0.0047,ok
00-共享资产/04-按钮/button_round_icon.png,04-按钮,128,128,True,0,255,0.0084,ok
00-共享资产/04-按钮/tab_active.png,04-按钮,240,96,True,0,255,0.0208,ok
00-共享资产/04-按钮/tab_inactive.png,04-按钮,240,96,True,0,255,0.0191,ok
00-共享资产/04-按钮/toggle_on.png,04-按钮,160,80,True,0,255,0.0105,ok
00-共享资产/04-按钮/toggle_off.png,04-按钮,160,80,True,0,255,0.0201,ok
00-共享资产/04-按钮/checkbox_on.png,04-按钮,80,80,True,0,255,0.0347,ok
00-共享资产/04-按钮/checkbox_off.png,04-按钮,80,80,True,0,255,0.0347,ok
00-共享资产/04-按钮/slider_track.png,04-按钮,480,32,True,0,255,0.0573,ok
00-共享资产/04-按钮/slider_fill.png,04-按钮,480,32,True,0,255,0.0561,ok
00-共享资产/04-按钮/slider_knob.png,04-按钮,64,64,True,0,255,0.0300,ok
00-共享资产/04-按钮/card_role_back.png,04-按钮,320,480,True,0,255,0.9579,ok
00-共享资产/04-按钮/card_role_front.png,04-按钮,320,480,True,0,255,0.9579,ok
00-共享资产/04-按钮/card_map_frame.png,04-按钮,656,376,True,0,255,0.9662,ok
00-共享资产/04-按钮/progress_bar_frame.png,04-按钮,640,48,True,0,255,0.0167,ok
00-共享资产/04-按钮/progress_bar_fill.png,04-按钮,624,32,True,0,255,0.0441,ok
00-共享资产/05-图标/wechat-icon.png,05-图标,128,128,True,0,255,0.0109,ok
00-共享资产/05-图标/qq-icon.png,05-图标,128,128,True,0,255,0.0157,ok
00-共享资产/05-图标/phone-icon.png,05-图标,128,128,True,0,255,0.0154,ok
00-共享资产/05-图标/lock-icon.png,05-图标,128,128,True,0,255,0.0216,ok
00-共享资产/05-图标/user-icon.png,05-图标,128,128,True,0,255,0.0129,ok
00-共享资产/05-图标/eye-open-icon.png,05-图标,128,128,True,0,255,0.0128,ok
00-共享资产/05-图标/eye-closed-icon.png,05-图标,128,128,True,0,255,0.0145,ok
00-共享资产/05-图标/back-icon.png,05-图标,128,128,True,0,255,0.0155,ok
00-共享资产/05-图标/close-icon.png,05-图标,128,128,True,0,255,0.0109,ok
00-共享资产/05-图标/settings-icon.png,05-图标,128,128,True,0,255,0.0147,ok
00-共享资产/05-图标/sound-on-icon.png,05-图标,128,128,True,0,255,0.0071,ok
00-共享资产/05-图标/sound-off-icon.png,05-图标,128,128,True,0,255,0.0182,ok
00-共享资产/05-图标/vibration-icon.png,05-图标,128,128,True,0,255,0.0284,ok
00-共享资产/05-图标/friends-icon.png,05-图标,128,128,True,0,255,0.0438,ok
00-共享资产/05-图标/add-friend-icon.png,05-图标,128,128,True,0,255,0.0234,ok
00-共享资产/05-图标/share-icon.png,05-图标,128,128,True,0,255,0.0157,ok
00-共享资产/05-图标/copy-icon.png,05-图标,128,128,True,0,255,0.0133,ok
00-共享资产/05-图标/invite-icon.png,05-图标,128,128,True,0,255,0.0195,ok
00-共享资产/05-图标/mail-icon.png,05-图标,128,128,True,0,255,0.0209,ok
00-共享资产/05-图标/crown-icon.png,05-图标,128,128,True,0,255,0.0392,ok
00-共享资产/05-图标/check-icon.png,05-图标,128,128,True,0,255,0.0259,ok
00-共享资产/05-图标/timer-icon.png,05-图标,128,128,True,0,255,0.0128,ok
00-共享资产/05-图标/trophy-icon.png,05-图标,128,128,True,0,255,0.0443,ok
00-共享资产/05-图标/star-icon.png,05-图标,128,128,True,0,255,0.0262,ok
00-共享资产/05-图标/coin-icon.png,05-图标,128,128,True,0,255,0.0414,ok
00-共享资产/05-图标/gem-icon.png,05-图标,128,128,True,0,255,0.0074,ok
00-共享资产/05-图标/wardrobe-icon.png,05-图标,128,128,True,0,255,0.0031,ok
00-共享资产/05-图标/shop-icon.png,05-图标,128,128,True,0,255,0.0289,ok
00-共享资产/05-图标/record-icon.png,05-图标,128,128,True,0,255,0.0262,ok
00-共享资产/05-图标/task-icon.png,05-图标,128,128,True,0,255,0.0451,ok
00-共享资产/05-图标/notice-icon.png,05-图标,128,128,True,0,255,0.0312,ok
00-共享资产/05-图标/map-icon.png,05-图标,128,128,True,0,255,0.0424,ok
00-共享资产/05-图标/dice-icon.png,05-图标,128,128,True,0,255,0.0132,ok
00-共享资产/05-图标/search-icon.png,05-图标,128,128,True,0,255,0.0233,ok
00-共享资产/05-图标/plus-icon.png,05-图标,128,128,True,0,255,0.0260,ok
00-共享资产/05-图标/refresh-icon.png,05-图标,128,128,True,0,255,0.0189,ok
00-共享资产/05-图标/mic-icon.png,05-图标,128,128,True,0,255,0.0187,ok
00-共享资产/05-图标/robot-icon.png,05-图标,128,128,True,0,255,0.0135,ok
00-共享资产/05-图标/heart-icon.png,05-图标,128,128,True,0,255,0.0189,ok
00-共享资产/05-图标/skull-icon.png,05-图标,128,128,True,0,255,0.0117,ok
00-共享资产/05-图标/exit-icon.png,05-图标,128,128,True,0,255,0.0244,ok
00-共享资产/06-头像/avatar-hider-red.png,06-头像,256,256,True,0,255,0.0019,ok
00-共享资产/06-头像/avatar-hider-orange.png,06-头像,256,256,True,0,255,0.0021,ok
00-共享资产/06-头像/avatar-hider-yellow.png,06-头像,256,256,True,0,255,0.0021,ok
00-共享资产/06-头像/avatar-hider-green.png,06-头像,256,256,True,0,255,0.0032,ok
00-共享资产/06-头像/avatar-hider-cyan.png,06-头像,256,256,True,0,255,0.0033,ok
00-共享资产/06-头像/avatar-hider-blue.png,06-头像,256,256,True,0,255,0.0038,ok
00-共享资产/06-头像/avatar-hider-purple.png,06-头像,256,256,True,0,255,0.0033,ok
00-共享资产/06-头像/avatar-hider-pink.png,06-头像,256,256,True,0,255,0.0036,ok
00-共享资产/06-头像/avatar-hunter-warden.png,06-头像,256,256,True,0,255,0.0029,ok
00-共享资产/06-头像/avatar-ghost-guardian.png,06-头像,256,256,True,0,255,0.0039,ok
00-共享资产/06-头像/avatar-ghost-wraith.png,06-头像,256,256,True,0,255,0.0042,ok
00-共享资产/06-头像/avatar-empty-slot.png,06-头像,256,256,True,0,255,0.0040,ok
00-共享资产/06-头像/avatar-ai-bot.png,06-头像,256,256,True,0,255,0.0033,ok
00-共享资产/07-身份徽记/role-hunter.png,07-身份徽记,256,256,True,0,255,0.0025,ok
00-共享资产/07-身份徽记/role-hider.png,07-身份徽记,256,256,True,0,255,0.0033,ok
00-共享资产/07-身份徽记/role-mole.png,07-身份徽记,256,256,True,0,255,0.0029,ok
00-共享资产/07-身份徽记/role-ghost-guardian.png,07-身份徽记,256,256,True,0,255,0.0059,ok
00-共享资产/07-身份徽记/role-ghost-wraith.png,07-身份徽记,256,256,True,0,255,0.0085,ok
00-共享资产/08-装饰/divider_pixel.png,08-装饰,480,16,True,0,255,0.0007,ok
00-共享资产/08-装饰/decor-moon.png,08-装饰,256,256,True,0,253,0.0000,ok
00-共享资产/08-装饰/decor-red-eyes.png,08-装饰,256,256,True,0,253,0.0000,ok
00-共享资产/08-装饰/decor-lightbulb-off.png,08-装饰,256,256,True,0,255,0.0014,ok
00-共享资产/08-装饰/decor-zzz.png,08-装饰,256,256,True,0,255,0.0002,ok
00-共享资产/08-装饰/decor-footprints.png,08-装饰,256,256,True,0,255,0.0009,ok
00-共享资产/08-装饰/decor-ripple-ring.png,08-装饰,256,256,True,0,254,0.0000,ok
00-共享资产/08-装饰/decor-mvp-ribbon.png,08-装饰,167,127,True,0,255,0.0037,review-requested-content-trim
00-共享资产/08-装饰/banner_victory_hider.png,08-装饰,720,200,True,0,255,0.0107,ok
00-共享资产/08-装饰/banner_victory_hunter.png,08-装饰,720,200,True,0,255,0.0079,ok
00-共享资产/08-装饰/decor-caught-burst.png,08-装饰,600,300,True,0,254,0.0000,ok
00-共享资产/08-装饰/decor-sparkle.png,08-装饰,256,256,True,0,255,0.0011,ok
00-共享资产/09-道具图标/item-hunter-strong-flashlight.png,09-道具图标,128,128,True,0,255,0.0148,ok
00-共享资产/09-道具图标/item-hunter-net.png,09-道具图标,128,128,True,0,255,0.0279,ok
00-共享资产/09-道具图标/item-hunter-bell-trap.png,09-道具图标,128,128,True,0,255,0.0475,ok
00-共享资产/09-道具图标/item-hunter-heart-radar.png,09-道具图标,128,128,True,0,255,0.0344,ok
00-共享资产/09-道具图标/item-hunter-sprint-shoes.png,09-道具图标,128,128,True,0,255,0.0380,ok
00-共享资产/09-道具图标/item-hunter-door-nails.png,09-道具图标,128,128,True,0,255,0.0295,ok
00-共享资产/09-道具图标/item-hunter-tracker.png,09-道具图标,128,128,True,0,255,0.0259,ok
00-共享资产/09-道具图标/item-hunter-full-scan.png,09-道具图标,128,128,True,0,255,0.0374,ok
00-共享资产/09-道具图标/item-hunter-wall-hammer.png,09-道具图标,128,128,True,0,255,0.0143,ok
00-共享资产/09-道具图标/item-hunter-iron-fence.png,09-道具图标,128,128,True,0,255,0.0235,ok
00-共享资产/09-道具图标/item-hider-smoke.png,09-道具图标,128,128,True,0,255,0.0163,ok
00-共享资产/09-道具图标/item-hider-decoy.png,09-道具图标,128,128,True,0,255,0.0345,ok
00-共享资产/09-道具图标/item-hider-banana.png,09-道具图标,128,128,True,0,255,0.0202,ok
00-共享资产/09-道具图标/item-hider-mirror.png,09-道具图标,128,128,True,0,255,0.0256,ok
00-共享资产/09-道具图标/item-hider-energy-drink.png,09-道具图标,128,128,True,0,255,0.0090,ok
00-共享资产/09-道具图标/item-hider-master-key.png,09-道具图标,128,128,True,0,255,0.0294,ok
00-共享资产/09-道具图标/item-hider-speed-shoes.png,09-道具图标,128,128,True,0,255,0.0330,ok
00-共享资产/09-道具图标/item-hider-invis-cloak.png,09-道具图标,128,128,True,0,255,0.0101,ok
00-共享资产/09-道具图标/item-hider-jammer.png,09-道具图标,128,128,True,0,255,0.0116,ok
00-共享资产/09-道具图标/item-hider-wood-board.png,09-道具图标,128,128,True,0,255,0.0345,ok
00-共享资产/09-道具图标/item-hider-dynamite.png,09-道具图标,128,128,True,0,255,0.0289,ok
00-共享资产/09-道具图标/item-frame-common.png,09-道具图标,128,128,True,0,255,0.0005,ok
00-共享资产/09-道具图标/item-frame-rare.png,09-道具图标,128,128,True,0,255,0.0001,ok
00-共享资产/09-道具图标/item-frame-legendary.png,09-道具图标,128,128,True,0,254,0.0000,ok
00-共享资产/09-道具图标/item-box.png,09-道具图标,128,128,True,0,255,0.0370,ok
00-共享资产/10-事件图标/event-blackout.png,10-事件图标,128,128,True,0,255,0.0374,ok
00-共享资产/10-事件图标/event-emergency-light.png,10-事件图标,128,128,True,0,255,0.0168,ok
00-共享资产/10-事件图标/event-adrenaline.png,10-事件图标,128,128,True,0,255,0.0307,ok
00-共享资产/10-事件图标/event-broadcast.png,10-事件图标,128,128,True,0,255,0.0223,ok
00-共享资产/10-事件图标/event-fog.png,10-事件图标,128,128,True,0,255,0.0196,ok
00-共享资产/10-事件图标/event-lockdown.png,10-事件图标,128,128,True,0,255,0.0272,ok
00-共享资产/10-事件图标/event-airdrop.png,10-事件图标,128,128,True,0,255,0.0306,ok
00-共享资产/10-事件图标/event-hunter-confused.png,10-事件图标,128,128,True,0,255,0.0181,ok
00-共享资产/10-事件图标/event-final-30s.png,10-事件图标,128,128,True,0,255,0.0160,ok
00-共享资产/10-事件图标/event-warning-banner.png,10-事件图标,600,80,True,0,255,0.0106,ok
00-共享资产/11-HUD控件/hud-joystick-base.png,11-HUD控件,256,256,True,0,255,0.7367,ok
00-共享资产/11-HUD控件/hud-joystick-knob.png,11-HUD控件,128,128,True,0,255,0.0045,ok
00-共享资产/11-HUD控件/hud-btn-main-interact.png,11-HUD控件,200,200,True,0,255,0.7170,ok
00-共享资产/11-HUD控件/hud-btn-main-slap.png,11-HUD控件,200,200,True,0,255,0.7151,ok
00-共享资产/11-HUD控件/hud-btn-skill-disguise.png,11-HUD控件,140,140,True,0,255,0.6880,ok
00-共享资产/11-HUD控件/hud-btn-skill-flashlight.png,11-HUD控件,140,140,True,0,255,0.6904,ok
00-共享资产/11-HUD控件/hud-btn-skill-report.png,11-HUD控件,140,140,True,0,255,0.0052,ok
00-共享资产/11-HUD控件/hud-btn-ghost-skill.png,11-HUD控件,140,140,True,0,255,0.0058,ok
00-共享资产/11-HUD控件/hud-btn-item-slot.png,11-HUD控件,140,140,True,0,255,0.0062,ok
00-共享资产/11-HUD控件/hud-btn-accuse.png,11-HUD控件,140,140,True,0,255,0.0080,ok
00-共享资产/11-HUD控件/hud-stamina-frame.png,11-HUD控件,320,40,True,0,255,0.0471,ok
00-共享资产/11-HUD控件/hud-stamina-fill.png,11-HUD控件,304,24,True,0,255,0.0792,ok
00-共享资产/11-HUD控件/hud-timer-frame.png,11-HUD控件,240,80,True,0,255,0.0214,ok
00-共享资产/11-HUD控件/hud-survivor-counter.png,11-HUD控件,240,80,True,0,255,0.0239,ok
00-共享资产/11-HUD控件/hud-minimap-frame.png,11-HUD控件,256,256,True,0,255,0.0010,ok
00-共享资产/11-HUD控件/hud-disguise-wheel.png,11-HUD控件,400,400,True,0,255,0.0011,ok
00-共享资产/11-HUD控件/hud-mark-wheel.png,11-HUD控件,400,400,True,0,255,0.0014,ok
00-共享资产/11-HUD控件/hud-progress-ring.png,11-HUD控件,200,200,True,0,255,0.0032,ok
00-共享资产/11-HUD控件/hud-edge-arrow.png,11-HUD控件,96,96,True,0,255,0.0141,ok
00-共享资产/11-HUD控件/hud-vignette-red.png,11-HUD控件,1334,750,True,0,253,0.0000,ok
00-共享资产/11-HUD控件/hud-cooldown-mask.png,11-HUD控件,140,140,True,0,255,0.0046,ok
00-共享资产/12-局内精灵/sprite-hider.png,12-局内精灵,128,192,True,0,255,0.0006,ok
00-共享资产/12-局内精灵/sprite-hunter.png,12-局内精灵,128,192,True,0,255,0.0008,ok
00-共享资产/12-局内精灵/sprite-ghost.png,12-局内精灵,128,192,True,0,255,0.0000,ok
00-共享资产/12-局内精灵/sprite-cage.png,12-局内精灵,128,128,True,0,255,0.0048,ok
00-共享资产/12-局内精灵/sprite-generator.png,12-局内精灵,128,128,True,0,255,0.0021,ok
00-共享资产/12-局内精灵/sprite-generator-fixed.png,12-局内精灵,128,128,True,0,255,0.0005,ok
00-共享资产/12-局内精灵/sprite-item-box.png,12-局内精灵,128,128,True,0,253,0.0000,ok
00-共享资产/12-局内精灵/prop-cardboard-box.png,12-局内精灵,128,128,True,0,255,0.0005,ok
00-共享资产/12-局内精灵/prop-chair.png,12-局内精灵,128,128,True,0,255,0.0018,ok
00-共享资产/12-局内精灵/prop-potted-plant.png,12-局内精灵,128,128,True,0,255,0.0004,ok
00-共享资产/12-局内精灵/prop-pillow.png,12-局内精灵,128,128,True,0,255,0.0013,ok
00-共享资产/12-局内精灵/prop-desk-lamp.png,12-局内精灵,128,128,True,0,255,0.0007,ok
00-共享资产/12-局内精灵/prop-trash-can.png,12-局内精灵,128,128,True,0,255,0.0011,ok
00-共享资产/12-局内精灵/prop-oil-drum.png,12-局内精灵,128,128,True,0,255,0.0035,ok
00-共享资产/12-局内精灵/prop-food-tray.png,12-局内精灵,128,128,True,0,255,0.0001,ok
00-共享资产/12-局内精灵/tile-floor-wood.png,12-局内精灵,32,32,False,255,255,1.0000,ok
00-共享资产/12-局内精灵/tile-floor-tile.png,12-局内精灵,32,32,False,255,255,1.0000,ok
00-共享资产/12-局内精灵/tile-floor-concrete.png,12-局内精灵,32,32,False,255,255,1.0000,ok
00-共享资产/12-局内精灵/tile-wall-solid.png,12-局内精灵,32,32,False,255,255,1.0000,ok
00-共享资产/12-局内精灵/tile-wall-cracked.png,12-局内精灵,32,32,False,255,255,1.0000,ok
00-共享资产/12-局内精灵/tile-rubble.png,12-局内精灵,32,32,True,0,255,0.0020,ok
00-共享资产/12-局内精灵/tile-door.png,12-局内精灵,32,32,True,0,254,0.0000,ok
00-共享资产/13-地图卡/map-old-dorm.png,13-地图卡,640,360,False,255,255,1.0000,ok
00-共享资产/13-地图卡/map-night-hospital.png,13-地图卡,640,360,False,255,255,1.0000,ok
00-共享资产/13-地图卡/map-night-mall.png,13-地图卡,640,360,False,255,255,1.0000,ok
00-共享资产/13-地图卡/map-midnight-cruise.png,13-地图卡,640,360,False,255,255,1.0000,ok
00-共享资产/13-地图卡/map-snow-lodge.png,13-地图卡,640,360,False,255,255,1.0000,ok
00-共享资产/04-按钮/button_primary_yellow_pressed.png,04-按钮,480,120,True,0,255,0.0018,ok
00-共享资产/04-按钮/button_secondary_dark_pressed.png,04-按钮,480,120,True,0,255,0.0164,ok
00-共享资产/04-按钮/button_wechat_green_pressed.png,04-按钮,480,120,True,0,255,0.0096,ok
00-共享资产/12-局内精灵/tile-furniture.png,12-局内精灵,32,32,True,0,253,0.0000,ok
00-共享资产/12-局内精灵/tile-shelf.png,12-局内精灵,32,32,True,0,254,0.0000,ok
00-共享资产/12-局内精灵/tile-floor-wood_preview.png,12-局内精灵,128,128,False,255,255,1.0000,ok
00-共享资产/12-局内精灵/tile-floor-tile_preview.png,12-局内精灵,128,128,False,255,255,1.0000,ok
00-共享资产/12-局内精灵/tile-floor-concrete_preview.png,12-局内精灵,128,128,False,255,255,1.0000,ok
00-共享资产/12-局内精灵/tile-wall-solid_preview.png,12-局内精灵,128,128,False,255,255,1.0000,ok
00-共享资产/12-局内精灵/tile-wall-cracked_preview.png,12-局内精灵,128,128,False,255,255,1.0000,ok
00-共享资产/12-局内精灵/tile-rubble_preview.png,12-局内精灵,128,128,True,0,255,0.0020,ok
00-共享资产/12-局内精灵/tile-door_preview.png,12-局内精灵,128,128,True,0,254,0.0000,ok
00-共享资产/12-局内精灵/tile-furniture_preview.png,12-局内精灵,128,128,True,0,253,0.0000,ok
00-共享资产/12-局内精灵/tile-shelf_preview.png,12-局内精灵,128,128,True,0,254,0.0000,ok
